{
  "controller/App.controller.js": 1659511354661,
  "utils/locate-reuse-libs.js": 1659511354717,
  "manifest.json": 1659647096702,
  "model/models.js": 1659511354685,
  "controller/View1.controller.js": 1659511354665,
  "i18n/i18n.properties": 1658520127225,
  "Component.js": 1659511354657,
  "manifest-bundle.zip": 1659647096714,
  "Component-preload.js": 1659647096958,
  "Component-dbg.js": 1659511354657,
  "model/models-dbg.js": 1659511354685,
  "controller/View1-dbg.controller.js": 1659511354665,
  "controller/App-dbg.controller.js": 1659511354661,
  "utils/locate-reuse-libs-dbg.js": 1659511354717,
  "view/View1.view.xml": 1659511354725,
  "view/App.view.xml": 1659511354717,
  "css/style.css": 1659511354669,
  "index.html": 1659511354673
}